rank;album_type;album_main_artist;album_main_artist_uri;album_image_640pk;available_markets;track_artist;track_artist_id;track_duration;track_id;track_name;track_uri;preview_url;track_popularity
0;ALBUM;Gaël Faye;spotify:artist:69irZ4R8OsrLHjr6VmMmMg;https://i.scdn.co/image/ab67616d0000b273c841d82a16d61dc342ad5f6e;['AD', 'AE', 'AR', 'AT', 'AU', 'BE', 'BG', 'BH', 'BO', 'BR', 'CA', 'CH', 'CL', 'CO', 'CR', 'CY', 'CZ', 'DE', 'DK', 'DO', 'DZ', 'EC', 'EE', 'EG', 'ES', 'FI', 'FR', 'GB', 'GR', 'GT', 'HK', 'HN', 'HU', 'ID', 'IE', 'IL', 'IN', 'IS', 'IT', 'JO', 'JP', 'KW', 'LB', 'LI', 'LT', 'LU', 'LV', 'MA', 'MC', 'MT', 'MX', 'MY', 'NI', 'NL', 'NO', 'NZ', 'OM', 'PA', 'PE', 'PH', 'PL', 'PS', 'PT', 'PY', 'QA', 'RO', 'SA', 'SE', 'SG', 'SK', 'SV', 'TH', 'TN', 'TR', 'TW', 'US', 'UY', 'VN', 'ZA'];Gaël Faye;69irZ4R8OsrLHjr6VmMmMg;215240;4P89bNZVTCmu3zT0IBNLS8;Chalouper;spotify:track:4P89bNZVTCmu3zT0IBNLS8;https://p.scdn.co/mp3-preview/c96e236cf527f9f9ee1ef25abb6c7dbde8d21bcf?cid=7f0a8007e96c4791a42e9e47d5035951;47
1;SINGLE;Masego;spotify:artist:3ycxRkcZ67ALN3GQJ57Vig;https://i.scdn.co/image/ab67616d0000b273ce43165a3e0d5f6ecab441d8;['AD', 'AE', 'AR', 'AT', 'AU', 'BE', 'BG', 'BH', 'BO', 'BR', 'CA', 'CH', 'CL', 'CO', 'CR', 'CY', 'CZ', 'DE', 'DK', 'DO', 'DZ', 'EC', 'EE', 'EG', 'ES', 'FI', 'FR', 'GB', 'GR', 'GT', 'HK', 'HN', 'HU', 'ID', 'IE', 'IL', 'IN', 'IS', 'IT', 'JO', 'JP', 'KW', 'LB', 'LI', 'LT', 'LU', 'LV', 'MA', 'MC', 'MT', 'MX', 'MY', 'NI', 'NL', 'NO', 'NZ', 'OM', 'PA', 'PE', 'PH', 'PL', 'PS', 'PT', 'PY', 'QA', 'RO', 'SA', 'SE', 'SG', 'SK', 'SV', 'TH', 'TN', 'TR', 'TW', 'US', 'UY', 'VN', 'ZA'];Masego;3ycxRkcZ67ALN3GQJ57Vig;228453;2Ee9amLUslOwgoJWZEpSSD;Mystery Lady (feat. Don Toliver);spotify:track:2Ee9amLUslOwgoJWZEpSSD;;76
2;SINGLE;Therapie TAXI;spotify:artist:5MynxBz4ZMqvUzpcxTZl4C;https://i.scdn.co/image/ab67616d0000b273a730178c7d0d6cc784adde82;['AD', 'AE', 'AR', 'AT', 'AU', 'BE', 'BG', 'BH', 'BO', 'BR', 'CA', 'CH', 'CL', 'CO', 'CR', 'CY', 'CZ', 'DE', 'DK', 'DO', 'DZ', 'EC', 'EE', 'EG', 'ES', 'FI', 'FR', 'GB', 'GR', 'GT', 'HK', 'HN', 'HU', 'ID', 'IE', 'IL', 'IN', 'IS', 'IT', 'JO', 'JP', 'KW', 'LB', 'LI', 'LT', 'LU', 'LV', 'MA', 'MC', 'MT', 'MX', 'MY', 'NI', 'NL', 'NO', 'NZ', 'OM', 'PA', 'PE', 'PH', 'PL', 'PS', 'PT', 'PY', 'QA', 'RO', 'SA', 'SE', 'SG', 'SK', 'SV', 'TH', 'TN', 'TR', 'TW', 'US', 'UY', 'VN', 'ZA'];Therapie TAXI;5MynxBz4ZMqvUzpcxTZl4C;192613;1p9dxTMtG4gZpLp7yzvT54;Eté 90;spotify:track:1p9dxTMtG4gZpLp7yzvT54;https://p.scdn.co/mp3-preview/d805fd1638ee697651787142c714c045c88568f8?cid=7f0a8007e96c4791a42e9e47d5035951;68
3;SINGLE;Ritt Momney;spotify:artist:7MPGCB854Qo4alYMOPkBka;https://i.scdn.co/image/ab67616d0000b273d52d8eb3be188231e120dbbd;['AD', 'AE', 'AR', 'AT', 'AU', 'BE', 'BG', 'BH', 'BO', 'BR', 'CA', 'CH', 'CL', 'CO', 'CR', 'CY', 'CZ', 'DE', 'DK', 'DO', 'DZ', 'EC', 'EE', 'EG', 'ES', 'FI', 'FR', 'GB', 'GR', 'GT', 'HK', 'HN', 'HU', 'ID', 'IE', 'IL', 'IN', 'IS', 'IT', 'JO', 'JP', 'KW', 'LB', 'LI', 'LT', 'LU', 'LV', 'MA', 'MC', 'MT', 'MX', 'MY', 'NI', 'NL', 'NO', 'NZ', 'OM', 'PA', 'PE', 'PH', 'PL', 'PS', 'PT', 'PY', 'QA', 'RO', 'SA', 'SE', 'SG', 'SK', 'SV', 'TH', 'TN', 'TR', 'TW', 'US', 'UY', 'VN', 'ZA'];Ritt Momney;7MPGCB854Qo4alYMOPkBka;210463;6AGOKlMZWLCaEJGnaROtF9;Put Your Records On;spotify:track:6AGOKlMZWLCaEJGnaROtF9;https://p.scdn.co/mp3-preview/43e2f68fc66eb394aebab52b14afde64607f0e77?cid=7f0a8007e96c4791a42e9e47d5035951;86
4;SINGLE;KAROL G;spotify:artist:790FomKkXshlbRYZFtlgla;https://i.scdn.co/image/ab67616d0000b273787fe606ce7ab74559ec541f;['AD', 'AE', 'AR', 'AT', 'AU', 'BE', 'BG', 'BH', 'BO', 'BR', 'CA', 'CH', 'CL', 'CO', 'CR', 'CY', 'CZ', 'DE', 'DK', 'DO', 'DZ', 'EC', 'EE', 'EG', 'ES', 'FI', 'FR', 'GB', 'GR', 'GT', 'HK', 'HN', 'HU', 'ID', 'IE', 'IL', 'IN', 'IS', 'IT', 'JO', 'JP', 'KW', 'LB', 'LI', 'LT', 'LU', 'LV', 'MA', 'MC', 'MT', 'MX', 'MY', 'NI', 'NL', 'NO', 'NZ', 'OM', 'PA', 'PE', 'PH', 'PL', 'PS', 'PT', 'PY', 'QA', 'RO', 'SA', 'SE', 'SG', 'SK', 'SV', 'TH', 'TN', 'TR', 'TW', 'US', 'UY', 'VN', 'ZA'];KAROL G;790FomKkXshlbRYZFtlgla;189653;7x4ASXYEKfQBCewcZhK776;Ay, DiOs Mío!;spotify:track:7x4ASXYEKfQBCewcZhK776;;85
5;ALBUM;The Weeknd;spotify:artist:1Xyo4u8uXC1ZmMpatF05PJ;https://i.scdn.co/image/ab67616d0000b2738863bc11d2aa12b54f5aeb36;['AD', 'AE', 'AR', 'AT', 'AU', 'BE', 'BG', 'BH', 'BO', 'BR', 'CA', 'CH', 'CL', 'CO', 'CR', 'CY', 'CZ', 'DE', 'DK', 'DO', 'DZ', 'EC', 'EE', 'EG', 'ES', 'FI', 'FR', 'GB', 'GR', 'GT', 'HK', 'HN', 'HU', 'ID', 'IE', 'IL', 'IN', 'IS', 'IT', 'JO', 'JP', 'KW', 'LB', 'LI', 'LT', 'LU', 'LV', 'MA', 'MC', 'MT', 'MX', 'MY', 'NI', 'NL', 'NO', 'NZ', 'OM', 'PA', 'PE', 'PH', 'PL', 'PS', 'PT', 'PY', 'QA', 'RO', 'SA', 'SE', 'SG', 'SK', 'SV', 'TH', 'TN', 'TR', 'TW', 'US', 'UY', 'VN', 'ZA'];The Weeknd;1Xyo4u8uXC1ZmMpatF05PJ;237520;7szuecWAPwGoV1e5vGu8tl;In Your Eyes;spotify:track:7szuecWAPwGoV1e5vGu8tl;;86
6;SINGLE;Bad Bunny;spotify:artist:4q3ewBCX7sLwd24euuV69X;https://i.scdn.co/image/ab67616d0000b27334c8199b0b3b3fb42b8a98a8;['AD', 'AE', 'AR', 'AT', 'AU', 'BE', 'BG', 'BH', 'BO', 'BR', 'CA', 'CH', 'CL', 'CO', 'CR', 'CY', 'CZ', 'DE', 'DK', 'DO', 'DZ', 'EC', 'EE', 'EG', 'ES', 'FI', 'FR', 'GB', 'GR', 'GT', 'HK', 'HN', 'HU', 'ID', 'IE', 'IL', 'IN', 'IS', 'IT', 'JO', 'JP', 'KW', 'LB', 'LI', 'LT', 'LU', 'LV', 'MA', 'MC', 'MT', 'MX', 'MY', 'NI', 'NL', 'NO', 'NZ', 'OM', 'PA', 'PE', 'PH', 'PL', 'PS', 'PT', 'PY', 'QA', 'RO', 'SA', 'SE', 'SG', 'SK', 'SV', 'TH', 'TN', 'TR', 'TW', 'US', 'UY', 'VN', 'ZA'];Bad Bunny;4q3ewBCX7sLwd24euuV69X;205090;47EiUVwUp4C9fGccaPuUCS;DÁKITI;spotify:track:47EiUVwUp4C9fGccaPuUCS;https://p.scdn.co/mp3-preview/edd9bea2e66b14169f8bbfa45a78b6599b14160a?cid=7f0a8007e96c4791a42e9e47d5035951;93
7;ALBUM;Cassius;spotify:artist:4sf3QZW8a3xZ14IGsOAzoy;https://i.scdn.co/image/ab67616d0000b2730bb9eff4be678363242f0b6e;['AD', 'AE', 'AR', 'AT', 'AU', 'BE', 'BG', 'BH', 'BO', 'BR', 'CA', 'CH', 'CL', 'CO', 'CR', 'CY', 'CZ', 'DE', 'DK', 'DO', 'DZ', 'EC', 'EE', 'EG', 'ES', 'FI', 'FR', 'GB', 'GR', 'GT', 'HK', 'HN', 'HU', 'ID', 'IE', 'IL', 'IN', 'IS', 'IT', 'JO', 'JP', 'KW', 'LB', 'LI', 'LT', 'LU', 'LV', 'MA', 'MC', 'MT', 'MX', 'MY', 'NI', 'NL', 'NO', 'NZ', 'OM', 'PA', 'PE', 'PH', 'PL', 'PS', 'PT', 'PY', 'QA', 'RO', 'SA', 'SE', 'SG', 'SK', 'SV', 'TH', 'TN', 'TR', 'TW', 'US', 'UY', 'VN', 'ZA'];Cassius;4sf3QZW8a3xZ14IGsOAzoy;223853;5n9o0Z4Is58SMhpX3WWTLi;Don't Let Me Be;spotify:track:5n9o0Z4Is58SMhpX3WWTLi;;43
8;SINGLE;Tim Dup;spotify:artist:2Ksaxtwx8hMgjUkzIoGDXE;https://i.scdn.co/image/ab67616d0000b273db600ad893c00431ca4cce0c;['AD', 'AE', 'AR', 'AT', 'AU', 'BE', 'BG', 'BH', 'BO', 'BR', 'CA', 'CH', 'CL', 'CO', 'CR', 'CY', 'CZ', 'DE', 'DK', 'DO', 'DZ', 'EC', 'EE', 'EG', 'ES', 'FI', 'FR', 'GB', 'GR', 'GT', 'HK', 'HN', 'HU', 'ID', 'IE', 'IL', 'IN', 'IS', 'IT', 'JO', 'JP', 'KW', 'LB', 'LI', 'LT', 'LU', 'LV', 'MA', 'MC', 'MT', 'MX', 'MY', 'NI', 'NL', 'NO', 'NZ', 'OM', 'PA', 'PE', 'PH', 'PL', 'PS', 'PT', 'PY', 'QA', 'RO', 'SA', 'SE', 'SG', 'SK', 'SV', 'TH', 'TN', 'TR', 'TW', 'US', 'UY', 'VN', 'ZA'];Tim Dup;2Ksaxtwx8hMgjUkzIoGDXE;175586;3qsMWrhTbsiTQVykS3AeO5;Cours, cours, et cours encore...;spotify:track:3qsMWrhTbsiTQVykS3AeO5;https://p.scdn.co/mp3-preview/a42b1587737059af5eefa7fff89d99da9534c7be?cid=7f0a8007e96c4791a42e9e47d5035951;50
9;SINGLE;Tierra Whack;spotify:artist:4lPl9gqgox3JDiaJ1yklKh;https://i.scdn.co/image/ab67616d0000b2730ef84b82816687fc634c4910;['AD', 'AE', 'AR', 'AT', 'AU', 'BE', 'BG', 'BH', 'BO', 'BR', 'CA', 'CH', 'CL', 'CO', 'CR', 'CY', 'CZ', 'DE', 'DK', 'DO', 'DZ', 'EC', 'EE', 'EG', 'ES', 'FI', 'FR', 'GB', 'GR', 'GT', 'HK', 'HN', 'HU', 'ID', 'IE', 'IL', 'IN', 'IS', 'IT', 'JO', 'JP', 'KW', 'LB', 'LI', 'LT', 'LU', 'LV', 'MA', 'MC', 'MT', 'MX', 'MY', 'NI', 'NL', 'NO', 'NZ', 'OM', 'PA', 'PE', 'PH', 'PL', 'PS', 'PT', 'PY', 'QA', 'RO', 'SA', 'SE', 'SG', 'SK', 'SV', 'TH', 'TN', 'TR', 'TW', 'US', 'UY', 'VN', 'ZA'];Tierra Whack;4lPl9gqgox3JDiaJ1yklKh;239324;4zMmqb0pYwX6b0qc0slCoT;Only Child;spotify:track:4zMmqb0pYwX6b0qc0slCoT;;61
10;ALBUM;Ibrahim Maalouf;spotify:artist:0NSO0g40h9CTj13hKPskeb;https://i.scdn.co/image/ab67616d0000b27305145e64b7be6d3da12deb37;['AD', 'AE', 'AR', 'AT', 'AU', 'BE', 'BG', 'BH', 'BO', 'BR', 'CA', 'CH', 'CL', 'CO', 'CR', 'CY', 'CZ', 'DE', 'DK', 'DO', 'DZ', 'EC', 'EE', 'EG', 'ES', 'FI', 'FR', 'GB', 'GR', 'GT', 'HK', 'HN', 'HU', 'ID', 'IE', 'IL', 'IN', 'IS', 'IT', 'JO', 'JP', 'KW', 'LB', 'LI', 'LT', 'LU', 'LV', 'MA', 'MC', 'MT', 'MX', 'MY', 'NI', 'NL', 'NO', 'NZ', 'OM', 'PA', 'PE', 'PH', 'PL', 'PS', 'PT', 'PY', 'QA', 'RO', 'SA', 'SE', 'SG', 'SK', 'SV', 'TH', 'TN', 'TR', 'TW', 'US', 'UY', 'VN', 'ZA'];Ibrahim Maalouf;0NSO0g40h9CTj13hKPskeb;338000;4MOCTiC5mMrJuhLFSNjiIM;Una Rosa Blanca;spotify:track:4MOCTiC5mMrJuhLFSNjiIM;https://p.scdn.co/mp3-preview/bffac97b5a391e0a505f2fc2d8cbe5fef410f8ff?cid=7f0a8007e96c4791a42e9e47d5035951;52
11;ALBUM;Meryl;spotify:artist:1AT8NKdQOU0EVPu6ehN4NA;https://i.scdn.co/image/ab67616d0000b27323d6afba931b724fd3347d27;['AD', 'AE', 'AR', 'AT', 'AU', 'BE', 'BG', 'BH', 'BO', 'BR', 'CA', 'CH', 'CL', 'CO', 'CR', 'CY', 'CZ', 'DE', 'DK', 'DO', 'DZ', 'EC', 'EE', 'EG', 'ES', 'FI', 'FR', 'GB', 'GR', 'GT', 'HK', 'HN', 'HU', 'ID', 'IE', 'IL', 'IN', 'IS', 'IT', 'JO', 'JP', 'KW', 'LB', 'LI', 'LT', 'LU', 'LV', 'MA', 'MC', 'MT', 'MX', 'MY', 'NI', 'NL', 'NO', 'NZ', 'OM', 'PA', 'PE', 'PH', 'PL', 'PS', 'PT', 'PY', 'QA', 'RO', 'SA', 'SE', 'SG', 'SK', 'SV', 'TH', 'TN', 'TR', 'TW', 'US', 'UY', 'VN', 'ZA'];Meryl;1AT8NKdQOU0EVPu6ehN4NA;184693;75cpASksL0l3Wf5Yf00EZX;La brume;spotify:track:75cpASksL0l3Wf5Yf00EZX;https://p.scdn.co/mp3-preview/32873b482296897ba9493c5747866c92f7f57b01?cid=7f0a8007e96c4791a42e9e47d5035951;47
12;ALBUM;Ozuna;spotify:artist:1i8SpTcr7yvPOmcqrbnVXY;https://i.scdn.co/image/ab67616d0000b273b1717c201d31ad8e43dedc55;['AD', 'AE', 'AR', 'AT', 'AU', 'BE', 'BG', 'BH', 'BO', 'BR', 'CA', 'CH', 'CL', 'CO', 'CR', 'CY', 'CZ', 'DE', 'DK', 'DO', 'DZ', 'EC', 'EE', 'EG', 'ES', 'FI', 'FR', 'GB', 'GR', 'GT', 'HK', 'HN', 'HU', 'ID', 'IE', 'IL', 'IN', 'IS', 'IT', 'JO', 'JP', 'KW', 'LB', 'LI', 'LT', 'LU', 'LV', 'MA', 'MC', 'MT', 'MX', 'MY', 'NI', 'NL', 'NO', 'NZ', 'OM', 'PA', 'PE', 'PH', 'PL', 'PS', 'PT', 'PY', 'QA', 'RO', 'SA', 'SE', 'SG', 'SK', 'SV', 'TH', 'TN', 'TR', 'TW', 'US', 'UY', 'VN', 'ZA'];Ozuna;1i8SpTcr7yvPOmcqrbnVXY;217240;5Jm4w8jmPEBTLjI9vH4fXo;Caramelo;spotify:track:5Jm4w8jmPEBTLjI9vH4fXo;https://p.scdn.co/mp3-preview/fb3ae8b1b4d0d8a0e0ee88cd83f23494ad68688d?cid=7f0a8007e96c4791a42e9e47d5035951;73
13;SINGLE;Trinix;spotify:artist:3HqP3nd8WI0VfHRhApPlan;https://i.scdn.co/image/ab67616d0000b2733de7f804a4b5c26af55145fc;['AD', 'AE', 'AR', 'AT', 'AU', 'BE', 'BG', 'BH', 'BO', 'BR', 'CA', 'CH', 'CL', 'CO', 'CR', 'CY', 'CZ', 'DE', 'DK', 'DO', 'DZ', 'EC', 'EE', 'EG', 'ES', 'FI', 'FR', 'GB', 'GR', 'GT', 'HK', 'HN', 'HU', 'ID', 'IE', 'IL', 'IN', 'IS', 'IT', 'JO', 'JP', 'KW', 'LB', 'LI', 'LT', 'LU', 'LV', 'MA', 'MC', 'MT', 'MX', 'MY', 'NI', 'NL', 'NO', 'NZ', 'OM', 'PA', 'PE', 'PH', 'PL', 'PS', 'PT', 'PY', 'QA', 'RO', 'SA', 'SE', 'SG', 'SK', 'SV', 'TH', 'TN', 'TR', 'TW', 'US', 'UY', 'VN', 'ZA'];Trinix;3HqP3nd8WI0VfHRhApPlan;182400;4BhAN9ph0KpIOCvDxkKhFz;No Sleep;spotify:track:4BhAN9ph0KpIOCvDxkKhFz;https://p.scdn.co/mp3-preview/72ce03286ad88c934d620fe08380f4cdd5b8dd83?cid=7f0a8007e96c4791a42e9e47d5035951;50
14;ALBUM;Dua Lipa;spotify:artist:6M2wZ9GZgrQXHCFfjv46we;https://i.scdn.co/image/ab67616d0000b273cda2c6ad6272aea9c5811a49;['AD', 'AE', 'AR', 'AU', 'BE', 'BG', 'BH', 'BO', 'BR', 'CA', 'CL', 'CO', 'CR', 'CY', 'CZ', 'DK', 'DO', 'DZ', 'EC', 'EE', 'EG', 'ES', 'FI', 'FR', 'GB', 'GR', 'GT', 'HK', 'HN', 'HU', 'ID', 'IE', 'IL', 'IN', 'IS', 'IT', 'JO', 'JP', 'KW', 'LB', 'LI', 'LT', 'LU', 'LV', 'MA', 'MC', 'MT', 'MX', 'MY', 'NI', 'NL', 'NO', 'NZ', 'OM', 'PA', 'PE', 'PH', 'PL', 'PS', 'PT', 'PY', 'QA', 'RO', 'SA', 'SG', 'SK', 'SV', 'TH', 'TN', 'TR', 'TW', 'US', 'UY', 'VN', 'ZA'];Dua Lipa;6M2wZ9GZgrQXHCFfjv46we;221820;017PF4Q3l4DBUiWoXk4OWT;Break My Heart;spotify:track:017PF4Q3l4DBUiWoXk4OWT;https://p.scdn.co/mp3-preview/5e535e80aa3fadc23a086fbf5468cc22ada178f3?cid=7f0a8007e96c4791a42e9e47d5035951;83
15;SINGLE;Coeo;spotify:artist:3OoNpyvA82LedOZWG3WE8Z;https://i.scdn.co/image/ab67616d0000b273f1cbc2d98a705e7a6fc07532;['AD', 'AE', 'AR', 'AT', 'AU', 'BE', 'BG', 'BH', 'BO', 'BR', 'CA', 'CH', 'CL', 'CO', 'CR', 'CY', 'CZ', 'DE', 'DK', 'DO', 'DZ', 'EC', 'EE', 'EG', 'ES', 'FI', 'FR', 'GB', 'GR', 'GT', 'HK', 'HN', 'HU', 'ID', 'IE', 'IL', 'IN', 'IS', 'IT', 'JO', 'JP', 'KW', 'LB', 'LI', 'LT', 'LU', 'LV', 'MA', 'MC', 'MT', 'MX', 'MY', 'NI', 'NL', 'NO', 'NZ', 'OM', 'PA', 'PE', 'PH', 'PL', 'PS', 'PT', 'PY', 'QA', 'RO', 'SA', 'SE', 'SG', 'SK', 'SV', 'TH', 'TN', 'TR', 'TW', 'US', 'UY', 'VN', 'ZA'];Coeo;3OoNpyvA82LedOZWG3WE8Z;321703;7jrJd2hRB3vDYX93SRiGad;Cabrio Mango;spotify:track:7jrJd2hRB3vDYX93SRiGad;https://p.scdn.co/mp3-preview/342e3695b9718bfeb4fbec7de6d6f4412590ea94?cid=7f0a8007e96c4791a42e9e47d5035951;53
16;ALBUM;SAULT;spotify:artist:1uRxRKC7d9zwYGSRflTKDR;https://i.scdn.co/image/ab67616d0000b273f022f99fe759ce4c573bdb0e;['AD', 'AE', 'AR', 'AT', 'AU', 'BE', 'BG', 'BH', 'BO', 'BR', 'CA', 'CH', 'CL', 'CO', 'CR', 'CY', 'CZ', 'DE', 'DK', 'DO', 'DZ', 'EC', 'EE', 'EG', 'ES', 'FI', 'FR', 'GB', 'GR', 'GT', 'HK', 'HN', 'HU', 'ID', 'IE', 'IL', 'IN', 'IS', 'IT', 'JO', 'JP', 'KW', 'LB', 'LI', 'LT', 'LU', 'LV', 'MA', 'MC', 'MT', 'MX', 'MY', 'NI', 'NL', 'NO', 'NZ', 'OM', 'PA', 'PE', 'PH', 'PL', 'PS', 'PT', 'PY', 'QA', 'RO', 'SA', 'SE', 'SG', 'SK', 'SV', 'TH', 'TN', 'TR', 'TW', 'US', 'UY', 'VN', 'ZA'];SAULT;1uRxRKC7d9zwYGSRflTKDR;238679;4zwq3QUKgMNk0NSLl7fpbP;Why Why Why Why Why;spotify:track:4zwq3QUKgMNk0NSLl7fpbP;https://p.scdn.co/mp3-preview/f2cf3d23db0cf19702655895d96bff78cd25a4be?cid=7f0a8007e96c4791a42e9e47d5035951;57
17;ALBUM;Ozuna;spotify:artist:1i8SpTcr7yvPOmcqrbnVXY;https://i.scdn.co/image/ab67616d0000b273b1717c201d31ad8e43dedc55;['AD', 'AE', 'AR', 'AT', 'AU', 'BE', 'BG', 'BH', 'BO', 'BR', 'CA', 'CH', 'CL', 'CO', 'CR', 'CY', 'CZ', 'DE', 'DK', 'DO', 'DZ', 'EC', 'EE', 'EG', 'ES', 'FI', 'FR', 'GB', 'GR', 'GT', 'HK', 'HN', 'HU', 'ID', 'IE', 'IL', 'IN', 'IS', 'IT', 'JO', 'JP', 'KW', 'LB', 'LI', 'LT', 'LU', 'LV', 'MA', 'MC', 'MT', 'MX', 'MY', 'NI', 'NL', 'NO', 'NZ', 'OM', 'PA', 'PE', 'PH', 'PL', 'PS', 'PT', 'PY', 'QA', 'RO', 'SA', 'SE', 'SG', 'SK', 'SV', 'TH', 'TN', 'TR', 'TW', 'US', 'UY', 'VN', 'ZA'];Ozuna;1i8SpTcr7yvPOmcqrbnVXY;214506;5cpJFiNwYyWwFLH0V6B3N8;Del Mar;spotify:track:5cpJFiNwYyWwFLH0V6B3N8;https://p.scdn.co/mp3-preview/ca1db1598cbf9361fa876cefde03b5512482d72c?cid=7f0a8007e96c4791a42e9e47d5035951;83
18;ALBUM;Ben Mazué;spotify:artist:73BDzWqbf1grbgQ8xYn2ou;https://i.scdn.co/image/ab67616d0000b27311d6927f233ce4d3868e436b;['AD', 'AE', 'AR', 'AT', 'AU', 'BE', 'BG', 'BH', 'BO', 'BR', 'CA', 'CH', 'CL', 'CO', 'CR', 'CY', 'CZ', 'DE', 'DK', 'DO', 'DZ', 'EC', 'EE', 'EG', 'ES', 'FI', 'FR', 'GR', 'GT', 'HK', 'HN', 'HU', 'ID', 'IL', 'IN', 'IS', 'IT', 'JO', 'JP', 'KW', 'LB', 'LI', 'LT', 'LU', 'LV', 'MA', 'MC', 'MT', 'MX', 'MY', 'NI', 'NL', 'NO', 'NZ', 'OM', 'PA', 'PE', 'PH', 'PL', 'PS', 'PT', 'PY', 'QA', 'RO', 'SA', 'SE', 'SG', 'SK', 'SV', 'TH', 'TN', 'TR', 'TW', 'US', 'UY', 'VN', 'ZA'];Ben Mazué;73BDzWqbf1grbgQ8xYn2ou;191280;68lQlrmtzsWhOG0XqibZbR;Nulle part;spotify:track:68lQlrmtzsWhOG0XqibZbR;https://p.scdn.co/mp3-preview/30b7125c6b2424127ff8d27bbc1e8db9995c2d89?cid=7f0a8007e96c4791a42e9e47d5035951;51
19;ALBUM;Orchestra Baobab;spotify:artist:7xT0arvCDupDU1YYy0BNv9;https://i.scdn.co/image/ab67616d0000b273dd6aa2d3ddd3d85ec6e1ce4e;['AD', 'AE', 'AR', 'AT', 'AU', 'BE', 'BG', 'BH', 'BO', 'BR', 'CA', 'CH', 'CL', 'CO', 'CR', 'CY', 'CZ', 'DE', 'DK', 'DO', 'DZ', 'EC', 'EE', 'EG', 'ES', 'FI', 'FR', 'GB', 'GR', 'GT', 'HK', 'HN', 'HU', 'ID', 'IE', 'IL', 'IS', 'IT', 'JO', 'JP', 'KW', 'LB', 'LI', 'LT', 'LU', 'LV', 'MA', 'MC', 'MT', 'MX', 'MY', 'NI', 'NL', 'NO', 'NZ', 'OM', 'PA', 'PE', 'PH', 'PL', 'PS', 'PT', 'PY', 'QA', 'RO', 'SA', 'SE', 'SG', 'SK', 'SV', 'TH', 'TN', 'TR', 'TW', 'US', 'UY', 'VN', 'ZA'];Orchestra Baobab;7xT0arvCDupDU1YYy0BNv9;519706;0AmPp1dsvdWFNTBs0nJBsC;Utrus Horas;spotify:track:0AmPp1dsvdWFNTBs0nJBsC;https://p.scdn.co/mp3-preview/6aa46d71dcc69d308b4e5781c893d33f7d8e3a2c?cid=7f0a8007e96c4791a42e9e47d5035951;54
20;ALBUM;Danitsa;spotify:artist:0M1Kb2aco43kS4nb66HOn2;https://i.scdn.co/image/ab67616d0000b2730f24ef64952bd90a54f1d546;['AD', 'AE', 'AR', 'AT', 'AU', 'BE', 'BG', 'BH', 'BO', 'BR', 'CA', 'CH', 'CL', 'CO', 'CR', 'CY', 'CZ', 'DE', 'DK', 'DO', 'DZ', 'EC', 'EE', 'EG', 'ES', 'FI', 'FR', 'GB', 'GR', 'GT', 'HK', 'HN', 'HU', 'ID', 'IE', 'IL', 'IN', 'IS', 'IT', 'JO', 'JP', 'KW', 'LB', 'LI', 'LT', 'LU', 'LV', 'MA', 'MC', 'MT', 'MX', 'MY', 'NI', 'NL', 'NO', 'NZ', 'OM', 'PA', 'PE', 'PH', 'PL', 'PS', 'PT', 'PY', 'QA', 'RO', 'SA', 'SE', 'SG', 'SK', 'SV', 'TH', 'TN', 'TR', 'TW', 'US', 'UY', 'VN', 'ZA'];Danitsa;0M1Kb2aco43kS4nb66HOn2;202000;4xl1iLPIRfVoceTAUhQJZ2;Signs;spotify:track:4xl1iLPIRfVoceTAUhQJZ2;https://p.scdn.co/mp3-preview/889f7b80a5af5ff91e30210bb9919c598cb2727c?cid=7f0a8007e96c4791a42e9e47d5035951;37
21;SINGLE;Jorja Smith;spotify:artist:1CoZyIx7UvdxT5c8UkMzHd;https://i.scdn.co/image/ab67616d0000b273feb21e91f93f8a7f01d04c10;['AD', 'FR', 'MC'];Jorja Smith;1CoZyIx7UvdxT5c8UkMzHd;208000;1R6bPOBdZkxEztiXNiW3X4;Come Over;spotify:track:1R6bPOBdZkxEztiXNiW3X4;https://p.scdn.co/mp3-preview/558743891ded8cbfe762ba54e504e7b0ecc061f6?cid=7f0a8007e96c4791a42e9e47d5035951;47
22;ALBUM;Danitsa;spotify:artist:0M1Kb2aco43kS4nb66HOn2;https://i.scdn.co/image/ab67616d0000b2730f24ef64952bd90a54f1d546;['AD', 'AE', 'AR', 'AT', 'AU', 'BE', 'BG', 'BH', 'BO', 'BR', 'CA', 'CH', 'CL', 'CO', 'CR', 'CY', 'CZ', 'DE', 'DK', 'DO', 'DZ', 'EC', 'EE', 'EG', 'ES', 'FI', 'FR', 'GB', 'GR', 'GT', 'HK', 'HN', 'HU', 'ID', 'IE', 'IL', 'IN', 'IS', 'IT', 'JO', 'JP', 'KW', 'LB', 'LI', 'LT', 'LU', 'LV', 'MA', 'MC', 'MT', 'MX', 'MY', 'NI', 'NL', 'NO', 'NZ', 'OM', 'PA', 'PE', 'PH', 'PL', 'PS', 'PT', 'PY', 'QA', 'RO', 'SA', 'SE', 'SG', 'SK', 'SV', 'TH', 'TN', 'TR', 'TW', 'US', 'UY', 'VN', 'ZA'];Danitsa;0M1Kb2aco43kS4nb66HOn2;196000;1RlaUjjjgpAimdT6ZYRAWC;Remember Me;spotify:track:1RlaUjjjgpAimdT6ZYRAWC;https://p.scdn.co/mp3-preview/0f1b9b6bc2354dd58fbc6a070f4425ad19830a5f?cid=7f0a8007e96c4791a42e9e47d5035951;32
23;SINGLE;24kGoldn;spotify:artist:6fWVd57NKTalqvmjRd2t8Z;https://i.scdn.co/image/ab67616d0000b273ff8c985ecb3b7c5f847be357;['AD', 'AE', 'AR', 'AT', 'AU', 'BE', 'BG', 'BH', 'BO', 'BR', 'CA', 'CH', 'CL', 'CO', 'CR', 'CY', 'CZ', 'DE', 'DK', 'DO', 'DZ', 'EC', 'EE', 'EG', 'ES', 'FI', 'FR', 'GB', 'GR', 'GT', 'HK', 'HN', 'HU', 'ID', 'IE', 'IL', 'IN', 'IS', 'IT', 'JO', 'JP', 'KW', 'LB', 'LI', 'LT', 'LU', 'LV', 'MA', 'MC', 'MT', 'MX', 'MY', 'NI', 'NL', 'NO', 'NZ', 'OM', 'PA', 'PE', 'PH', 'PL', 'PS', 'PT', 'PY', 'QA', 'RO', 'SA', 'SE', 'SG', 'SK', 'SV', 'TH', 'TN', 'TR', 'TW', 'US', 'UY', 'VN', 'ZA'];24kGoldn;6fWVd57NKTalqvmjRd2t8Z;140525;3tjFYV6RSFtuktYl3ZtYcq;Mood (feat. iann dior);spotify:track:3tjFYV6RSFtuktYl3ZtYcq;https://p.scdn.co/mp3-preview/45cb08fdb67744ab7f1f172bb750e9c10415c37a?cid=7f0a8007e96c4791a42e9e47d5035951;94
24;SINGLE;Joel Corry;spotify:artist:6DgP9otnZw5z6daOntINxp;https://i.scdn.co/image/ab67616d0000b27391e93c59bacfe819db9601eb;['AD', 'AE', 'AR', 'AT', 'BE', 'BG', 'BH', 'BO', 'BR', 'CA', 'CH', 'CL', 'CO', 'CR', 'CY', 'CZ', 'DE', 'DK', 'DO', 'DZ', 'EC', 'EE', 'EG', 'ES', 'FI', 'FR', 'GB', 'GR', 'GT', 'HK', 'HN', 'HU', 'ID', 'IE', 'IL', 'IN', 'IS', 'IT', 'JO', 'JP', 'KW', 'LB', 'LI', 'LT', 'LU', 'LV', 'MA', 'MC', 'MT', 'MX', 'MY', 'NI', 'NL', 'NO', 'OM', 'PA', 'PE', 'PH', 'PL', 'PS', 'PT', 'PY', 'QA', 'RO', 'SA', 'SE', 'SG', 'SK', 'SV', 'TH', 'TN', 'TR', 'TW', 'US', 'UY', 'VN', 'ZA'];Joel Corry;6DgP9otnZw5z6daOntINxp;166028;6cx06DFPPHchuUAcTxznu9;Head & Heart (feat. MNEK);spotify:track:6cx06DFPPHchuUAcTxznu9;https://p.scdn.co/mp3-preview/a860b3fe04f480539af5f08b3672bb2ecff71b6b?cid=7f0a8007e96c4791a42e9e47d5035951;90
25;SINGLE;Hervé;spotify:artist:3mNXGOPYzxYiGxttEvJ9hx;https://i.scdn.co/image/ab67616d0000b2733aa70743ba36bc023fc7f038;['AD', 'AE', 'AR', 'AT', 'AU', 'BE', 'BG', 'BH', 'BO', 'BR', 'CA', 'CH', 'CL', 'CO', 'CR', 'CY', 'CZ', 'DE', 'DK', 'DO', 'DZ', 'EC', 'EE', 'EG', 'ES', 'FI', 'FR', 'GB', 'GR', 'GT', 'HK', 'HN', 'HU', 'ID', 'IE', 'IL', 'IN', 'IS', 'IT', 'JO', 'JP', 'KW', 'LB', 'LI', 'LT', 'LU', 'LV', 'MA', 'MC', 'MT', 'MX', 'MY', 'NI', 'NL', 'NO', 'NZ', 'OM', 'PA', 'PE', 'PH', 'PL', 'PS', 'PT', 'PY', 'QA', 'RO', 'SA', 'SE', 'SG', 'SK', 'SV', 'TH', 'TN', 'TR', 'TW', 'US', 'UY', 'VN', 'ZA'];Hervé;3mNXGOPYzxYiGxttEvJ9hx;168581;7cch3mlEo2IfYgyrjyDwFv;Si bien du mal;spotify:track:7cch3mlEo2IfYgyrjyDwFv;;50
26;ALBUM;Maluma;spotify:artist:1r4hJ1h58CWwUQe3MxPuau;https://i.scdn.co/image/ab67616d0000b27387d15f78ec75621d40028baf;['AD', 'AE', 'AR', 'AT', 'AU', 'BE', 'BG', 'BH', 'BO', 'BR', 'CA', 'CH', 'CL', 'CO', 'CR', 'CY', 'CZ', 'DE', 'DK', 'DO', 'DZ', 'EC', 'EE', 'EG', 'ES', 'FI', 'FR', 'GB', 'GR', 'GT', 'HK', 'HN', 'HU', 'ID', 'IE', 'IL', 'IN', 'IS', 'IT', 'JO', 'JP', 'KW', 'LB', 'LI', 'LT', 'LU', 'LV', 'MA', 'MC', 'MT', 'MX', 'MY', 'NI', 'NL', 'NO', 'NZ', 'OM', 'PA', 'PE', 'PH', 'PL', 'PS', 'PT', 'PY', 'QA', 'RO', 'SA', 'SE', 'SG', 'SK', 'SV', 'TH', 'TN', 'TR', 'TW', 'US', 'UY', 'VN', 'ZA'];Maluma;1r4hJ1h58CWwUQe3MxPuau;199112;1yoMvmasuxZfqHEipJhRbp;Hawái;spotify:track:1yoMvmasuxZfqHEipJhRbp;https://p.scdn.co/mp3-preview/e043d8462ac34889dde62ab064325d9cb55f8d32?cid=7f0a8007e96c4791a42e9e47d5035951;85
27;SINGLE;Eddy de Pretto;spotify:artist:7rFugkk9ZvVB1zXHg8h0rj;https://i.scdn.co/image/ab67616d0000b273d6666defbb903fcaa75d89aa;['AD', 'AE', 'AR', 'AT', 'AU', 'BE', 'BG', 'BH', 'BO', 'BR', 'CA', 'CH', 'CL', 'CO', 'CR', 'CY', 'CZ', 'DE', 'DK', 'DO', 'DZ', 'EC', 'EE', 'EG', 'ES', 'FI', 'FR', 'GB', 'GR', 'GT', 'HK', 'HN', 'HU', 'ID', 'IE', 'IL', 'IN', 'IS', 'IT', 'JO', 'JP', 'KW', 'LB', 'LI', 'LT', 'LU', 'LV', 'MA', 'MC', 'MT', 'MX', 'MY', 'NI', 'NL', 'NO', 'NZ', 'OM', 'PA', 'PE', 'PH', 'PL', 'PS', 'PT', 'PY', 'QA', 'RO', 'SA', 'SE', 'SG', 'SK', 'SV', 'TH', 'TN', 'TR', 'TW', 'US', 'UY', 'VN', 'ZA'];Eddy de Pretto;7rFugkk9ZvVB1zXHg8h0rj;217066;1hHR1visLei5uOWSDxPppA;Bateaux-Mouches;spotify:track:1hHR1visLei5uOWSDxPppA;;61
28;ALBUM;Ben Mazué;spotify:artist:73BDzWqbf1grbgQ8xYn2ou;https://i.scdn.co/image/ab67616d0000b27311d6927f233ce4d3868e436b;['AD', 'AE', 'AR', 'AT', 'AU', 'BE', 'BG', 'BH', 'BO', 'BR', 'CA', 'CH', 'CL', 'CO', 'CR', 'CY', 'CZ', 'DE', 'DK', 'DO', 'DZ', 'EC', 'EE', 'EG', 'ES', 'FI', 'FR', 'GR', 'GT', 'HK', 'HN', 'HU', 'ID', 'IL', 'IN', 'IS', 'IT', 'JO', 'JP', 'KW', 'LB', 'LI', 'LT', 'LU', 'LV', 'MA', 'MC', 'MT', 'MX', 'MY', 'NI', 'NL', 'NO', 'NZ', 'OM', 'PA', 'PE', 'PH', 'PL', 'PS', 'PT', 'PY', 'QA', 'RO', 'SA', 'SE', 'SG', 'SK', 'SV', 'TH', 'TN', 'TR', 'TW', 'US', 'UY', 'VN', 'ZA'];Ben Mazué;73BDzWqbf1grbgQ8xYn2ou;171160;6PbRfvvnsJr6fIi3iunNyn;Gaffe aux autres;spotify:track:6PbRfvvnsJr6fIi3iunNyn;https://p.scdn.co/mp3-preview/77677414ad3d0c1a60163b569ac58ff07bdceaf0?cid=7f0a8007e96c4791a42e9e47d5035951;59
29;SINGLE;Oscar Anton;spotify:artist:1g3dAnqp218LiNN9ng5dIh;https://i.scdn.co/image/ab67616d0000b27391ef75648a0d9bafccac928f;['AD', 'AE', 'AR', 'AT', 'AU', 'BE', 'BG', 'BH', 'BO', 'BR', 'CA', 'CH', 'CL', 'CO', 'CR', 'CY', 'CZ', 'DE', 'DK', 'DO', 'DZ', 'EC', 'EE', 'EG', 'ES', 'FI', 'FR', 'GB', 'GR', 'GT', 'HK', 'HN', 'HU', 'ID', 'IE', 'IL', 'IN', 'IS', 'IT', 'JO', 'JP', 'KW', 'LB', 'LI', 'LT', 'LU', 'LV', 'MA', 'MC', 'MT', 'MX', 'MY', 'NI', 'NL', 'NO', 'NZ', 'OM', 'PA', 'PE', 'PH', 'PL', 'PS', 'PT', 'PY', 'QA', 'RO', 'SA', 'SE', 'SG', 'SK', 'SV', 'TH', 'TN', 'TR', 'TW', 'US', 'UY', 'VN', 'ZA'];Oscar Anton;1g3dAnqp218LiNN9ng5dIh;216303;0MCXatHS2JOJuZGUaQCH1j;play and rewind;spotify:track:0MCXatHS2JOJuZGUaQCH1j;https://p.scdn.co/mp3-preview/5516d3e4d6422882f98079e3f463caee9d368bec?cid=7f0a8007e96c4791a42e9e47d5035951;41

